Id,Name,Email,Salary
T2P5GCil,Becki Culton,beckiculton@mail.ru,13000.0
FDyyQ5QN,Luz Menjivar,luzmenjivar@mail.ru,11000.0
mnhJ0lc4,Tami Schildgen,tamischildgen@yahoo.com,12000.0
ghczDoa5,Michele Wrona,michelewrona@yahoo.com,5000.0
cg5MrJBR,Anthony Mote,anthonymote@gmail.com,4000.0
XXwxtYj9,Christeen Wiers,christeenwiers@hotmail.com,6000.0
ZDgqfrYg,Arden Grisby,ardengrisby@hotmail.com,8000.0
ocRCJlnj,Elroy Mayoral,elroymayoral@ya.ru,12000.0
9WSnKhpj,Stephania Roberie,stephaniaroberie@ymail.ru,6000.0
2MfV1Uml,Bong Howe,bonghowe@hotmail.com,13000.0
mOZrBsTl,Tama Stoval,tamastoval@gmail.com,15000.0
gHJLJrdi,Rebecka Badon,rebeckabadon@yahoo.com,7000.0
0JLJUMxR,Elida Howe,elidahowe@yahoo.com,10000.0
GH42APrx,Georgianna Paris,georgiannaparis@mail.ru,12000.0
j0Jcofyh,Augustine Center,augustinecenter@rambler.ru,5000.0
B8WWBO3O,Tyisha Redner,tyisharedner@ymail.ru,4000.0
H2N2a7gz,Margarete Menjivar,margaretemenjivar@yahoo.com,5000.0
A2Hd7ypA,Elida Noren,elidanoren@yahoo.com,15000.0
S6gUvcjp,Tami Schewe,tamischewe@ya.ru,13000.0
8qqB5Pvo,Qiana Mischke,qianamischke@ymail.ru,10000.0
s62AiUkl,Margarett Kucera,margarettkucera@mail.ru,15000.0
qrNZKMvG,Randy Fetzer,randyfetzer@yandex.ru,7000.0
IvQOyAQG,Leigha Drews,leighadrews@mail.ru,12000.0
jTBnlqsY,Yuri Catt,yuricatt@ya.ru,5000.0
EsuRdyj4,Larisa Drews,larisadrews@gmail.com,9000.0
iMztif2E,Jeanice Geddes,jeanicegeddes@gmail.com,12000.0
Iczlki2I,Elroy Badon,elroybadon@yahoo.com,9000.0
F0Bb1jsZ,Stephania Lanz,stephanialanz@yahoo.com,13000.0
VgEeSmlK,Arden Stoval,ardenstoval@rambler.ru,4000.0
s75mD5Th,Augustine Center,augustinecenter@yahoo.com,10000.0
H6kJJEaV,Tami Klemp,tamiklemp@mail.ru,7000.0
4yUfBMRd,Laine Guillemette,laineguillemette@ya.ru,8000.0
x5OGkFXC,Georgianna Latson,georgiannalatson@hotmail.com,13000.0
nPEAyfHJ,Lyndia Stoval,lyndiastoval@yandex.ru,14000.0
jbfvrYEC,Margarett Mischke,margarettmischke@yandex.ru,9000.0
UPjU2Vz7,Rubi Guillemette,rubiguillemette@hotmail.com,10000.0
9BsAQ0vz,Elida Antes,elidaantes@rambler.ru,4000.0
skfJpsIl,Tomi Serna,tomiserna@yahoo.com,8000.0
qv77Zlun,Thomas Wrona,thomaswrona@rambler.ru,12000.0
vmeJYVcI,Diego Mayoral,diegomayoral@yahoo.com,5000.0
yYQv70xc,Elida Block,elidablock@ya.ru,11000.0
aD1rOfDa,Gaylene Schildgen,gayleneschildgen@mail.ru,7000.0
8fV1CfrN,Erasmo Schewe,erasmoschewe@gmail.com,14000.0
ZbRUSUEU,Maribel Redner,maribelredner@gmail.com,10000.0
SYSdbzFu,Tami Stoval,tamistoval@hotmail.com,15000.0
CGIKcEMF,Clora Mongold,cloramongold@rambler.ru,7000.0
LNGuFaxS,Lloyd Pingree,lloydpingree@yahoo.com,10000.0
xjSZ40CR,Nancie Pingree,nanciepingree@yahoo.com,6000.0
y2fsGvyN,Laine Schewe,laineschewe@yahoo.com,5000.0
37lWqmpB,Tama Latson,tamalatson@mail.ru,15000.0
wrBoCqSZ,Gaylene Redner,gayleneredner@yandex.ru,5000.0
RMs2tQ9q,Buffy Mongold,buffymongold@mail.ru,13000.0
IJq8eTe0,Raleigh Geddes,raleighgeddes@yahoo.com,13000.0
iiKsFklN,Alejandro Paris,alejandroparis@rambler.ru,12000.0
tcsGKdY8,Blythe Kazmierczak,blythekazmierczak@mail.ru,9000.0
BkyP0D9w,Lawanda Howe,lawandahowe@yandex.ru,13000.0
mEAmPVpf,Rebecka Damron,rebeckadamron@ymail.ru,14000.0
DKjjsWSE,Diego Menjivar,diegomenjivar@ymail.ru,9000.0
O5phdV5l,Bong Lanz,bonglanz@gmail.com,11000.0
T41OaLwU,Johnathon Stoval,johnathonstoval@ymail.ru,4000.0
garqnSXq,Tomi Roberie,tomiroberie@yahoo.com,7000.0
5dZtCB32,Nancie Pecora,nanciepecora@hotmail.com,7000.0
0kXvmzjY,Elida Ramage,elidaramage@yahoo.com,14000.0
lksPB3rT,Elida Latson,elidalatson@yandex.ru,7000.0
eE1kgmtg,Luz Mongold,luzmongold@ymail.ru,4000.0
fk8LXYi5,Bong Serna,bongserna@yandex.ru,8000.0
MnqIe1x4,Elida Schroeder,elidaschroeder@ymail.ru,12000.0
Sa08W5tI,Rebecka Grisby,rebeckagrisby@yandex.ru,6000.0
8SRHeVHs,Stephania Fetzer,stephaniafetzer@yahoo.com,7000.0
FUkZMkzZ,Rebecka Pecora,rebeckapecora@yandex.ru,10000.0
I1oJbMM0,Sharie Schroeder,sharieschroeder@gmail.com,4000.0
dbJywb2i,Margarett Mote,margarettmote@ymail.ru,11000.0
VDwv4mr6,Gaylene Buresh,gayleneburesh@yahoo.com,8000.0
2Ztc0zmI,Michele Haslett,michelehaslett@ya.ru,4000.0
pjkPmb45,Margarete Menjivar,margaretemenjivar@yandex.ru,9000.0
LDOQpbXW,,beckiroberie@ymail.ru,5000.0
QzRXYX3I,Arden Stoval,ardenstoval@ymail.ru,11000.0
iiKjwupJ,Elida Buresh,elidaburesh@mail.ru,7000.0
Q3Bd3zu5,Margherita Volkman,margheritavolkman@hotmail.com,12000.0
RbMWlm0r,Christeen Noren,christeennoren@ymail.ru,12000.0
4LH70PXN,Stephania Michaud,stephaniamichaud@yahoo.com,5000.0
aqnAi4L2,Rubi Roberie,"rubiroberie@ymail,ru",10000.0
1QfmqVoi,Tyisha Badon,tyishabadon@yahoo.com,11000.0
NCZExNyy,Leigha Lanz,leighalanz@yahoo.com,9000.0
JGbGfxLj,Luz Latson,luzlatson@yahoo.com,4000.0
tfgCfvdo,Anthony Latson,anthonylatson@mail.ru,7000.0
9jxNeEMV,Yuri Stoval,yuristoval@yandex.ru,5000.0
9rdNbbQp,Laine Wiers,lainewiers@rambler.ru,12000.0
hufKVoIQ,Rubi Latson,rubilatson@yahoo.com,12000.0
mwxwncKd,Laine Menjivar,lainemenjivar@rambler.ru,5000.0
J0cFjGX2,Blythe Grumbles,blythegrumbles@yahoo.com,6000.0
iGbl4cIE,Tomi Mischke,tomimischke@rambler.ru,14000.0
zoM3MWKe,Raleigh Badon,raleighbadon@gmail.com,6000.0
